"0,nose_x,""nose_y"",""leftEye_x"",""leftEye_y"",""rightEye_x"",""rightEye_y"",""leftEar_x"",""leftEar_y"",""rightEar_x"",""rightEar_y"",""leftShoulder_x"",""leftShoulder_y"",""rightShoulder_x"",""rightShoulder_y"",""leftElbow_x"",""leftElbow_y"",""rightElbow_x"",""rightElbow_y"",""leftWrist_x"",""leftWrist_y"",""rightWrist_x"",""rightWrist_y"",""leftHip_x"",""leftHip_y"",""rightHip_x"",""rightHip_y"",""leftKnee_x"",""leftKnee_y"",""rightKnee_x"",""rightKnee_y"",""leftAnkle_x"",""leftAnkle_y"",""rightAnkle_x"",""rightAnkle_y"",estado"

0,305.9294561690393,271.0042663455473,310.9353079740175,253.88572859114709,299.66994301168836,258.69990845320285,326.85771805581413,252.8113779446494,279.08931328443236,273.22548616164386,363.72730988380044,293.70921454448177,311.7798688643637,307.36355534416225,370.87201786968956,331.32823596761386,342.4438982418075,327.0298830618654,370.21424899490887,343.27685507169485,369.8460800851829,339.7176139475306,448.3551015594126,328.39378858633074,373.6543217521697,382.66958499418615,492.1230833892228,267.75745169198,371.49116623726337,398.93756729155655,484.3045966300519,347.9922557637849,377.87229790297926,430.9715345211994,sentado

1,290.3747804990538,266.9945384519109,294.64252807379694,249.02612061259345,281.80559619948093,262.61025870356576,307.9862722404272,237.77551058387013,284.0231453268444,273.3745636401937,362.31068914688046,214.80474583369744,309.6508729392916,305.4065606083851,438.3199562043067,231.21754529782305,330.4767260718438,300.9188981854034,343.5383125928589,253.8572221451696,352.1639386485059,269.7125363479792,471.4744641047971,281.11526499648033,386.3684940263919,374.52395852530515,481.6983911091251,270.86875609757834,411.6444050829698,379.5080505252348,468.9303145427184,331.0950787911619,431.37445221244127,371.07161519685144,sentado

2,307.67877142345856,273.05772011011027,309.78034141926446,255.67927147535033,299.557762799096,262.14839228767363,327.34033102191376,250.2418187360355,283.54998993038663,274.27712353658114,372.9159598814374,240.12841807914612,310.82749899630414,314.417807226515,438.2746775586317,187.79739426638827,339.2579984553593,290.9492559599969,498.2093228885636,156.03039844676215,365.18719259032014,231.4340443444159,436.14260214126523,261.2329306992111,391.49628098187276,378.1575863611837,513.9747327515123,210.53189265032222,438.16531998452507,311.01320645224723,509.5038024071125,336.03733469447275,490.37738532871583,334.46967605115833,sentado

3,307.39140825976654,273.2464514112658,301.14369228377876,258.67745950899234,296.55632731515607,268.6611585802605,314.2789415663782,253.93849021822558,288.8240852207525,278.64278079378,361.4557734686113,235.01833382840283,311.34740335932037,310.0295106464786,413.53003379435853,246.68471602799826,326.8138208352174,318.8001784684593,339.4004079618343,256.3538710597888,348.25224945424594,272.12614084681644,491.85315324360295,290.31650830428424,382.0329323260237,379.5206815964517,509.3565720732574,223.42310131384704,423.0976930239785,318.26390390359006,508.7631634663979,337.6695859738361,484.1109815664328,335.0018275813834,sentado

4,310.35873450193884,258.4336033683806,305.23532468150097,252.20176827397324,301.35141109956373,255.4564985876417,311.75588273074374,251.6081944625201,290.57234001901827,263.61163612098545,340.9956848797631,286.23259646790495,299.4993480281607,291.86978755943505,387.6788716891396,292.2271556103971,336.6405078873096,288.84975190663613,406.7934475316148,314.8936027497169,354.80485208118006,279.2258114054045,444.08086852433615,293.2336681065392,338.0969091036904,319.2696993638569,491.8343372270755,206.319131457852,391.79851570574687,334.6351441854632,501.182462759055,334.93989552598055,478.0186296937994,334.58807897011127,sentado

5,311.7478612610338,260.78104421415213,306.9390536950256,250.5202875990812,301.75380700849837,258.47442306340434,314.6212085100463,253.9333027939852,290.5727459503055,268.4358777294827,354.3758598060459,273.30988210833954,311.384063832027,311.9597532517251,455.4815919037459,278.2232240610085,336.0008183935737,274.680976392694,358.61205409009165,265.5645825575298,346.445754529901,260.46830719825357,455.9465940601631,283.7010056016974,383.2360922074967,376.5103596787508,494.4097462516814,273.3336338087742,391.17567865393966,373.2361635438199,491.5552169859177,342.09128613601865,419.72948701836253,372.8783020732004,sentado

6,315.81382981348594,273.66967411263903,315.9449168067962,254.27848127194414,307.21896534485575,267.4170484134659,328.121080064588,241.04683451893726,293.37698064425575,269.339313996905,375.6578298412872,240.37113121047554,322.867332079995,309.51381113371497,427.4870964747922,236.16480060681295,376.86548997456,350.8112141204715,355.59351049044716,258.07313009180444,371.1011937137707,329.9740712206651,479.9787890809055,274.2515341317143,439.4180774317641,328.43398837078405,523.2652184007696,219.31563680923398,457.4214053617841,331.5697477763729,506.8336540548718,316.77483937898035,472.36241303158175,348.3936746055514,sentado

7,301.85533860499754,274.6537742763178,302.7183060404855,249.7848360826069,294.0535123357513,271.4509528193492,322.46925115770864,234.63608776641723,280.7547061786577,278.55090815918913,426.3164134563639,188.11617639370928,344.5915107578619,305.18505743598195,484.2374684968347,186.9861182173866,391.39086314398025,328.12589596403245,492.55484638139893,144.6430464124865,425.4181276388205,331.16732039989665,519.1682829355915,275.45635077925505,463.5911872507533,322.5609509063602,536.8355320140081,237.2089054389686,459.7151562879985,334.0832475595437,509.1425094010765,288.58807294378016,446.10883043341136,322.9767000665924,sentado

8,248.43658744129223,268.5763960367047,253.38090997540067,243.68475165163028,247.08502820679183,265.9474324029707,275.9006309806141,228.88701353555524,239.2175606456712,268.34593562857185,322.6083475253925,216.74536014067058,268.02308082580566,313.00077977161925,437.4584520095053,241.4459949745742,339.1277212595661,357.0155575971195,398.82145423740724,218.45842321373607,395.8336866801815,377.8434411727965,489.6938348020561,280.70318652498116,381.7427457371574,425.8830505252348,572.8680187922971,304.41401927665976,415.0845901400198,495.0228942396112,577.8215095913364,335.73062292611087,421.4665417318678,622.3318465117814,sentado

9,265.1787906064134,255.96078324967317,255.049407929298,246.23441314697266,253.02429540611888,254.16858874962946,266.61739899305053,235.5686582572729,253.6246748601416,256.3586950339232,325.8253923111852,227.3328875085259,292.3097794232201,296.331261809234,411.07848730718115,287.19723159700976,335.94332719498567,330.1344502667972,352.17308311610833,343.73275140658427,348.8352407314434,341.0846748797346,434.7128122381663,266.66890289069147,387.09867315626326,293.9072588612597,536.9336312884022,249.51348596417023,425.77148610423046,273.4845489917562,574.1424640625831,294.06105293095806,425.70766953642726,342.82058535475676,sentado

10,250.42387440603528,271.84559827277633,252.5726323406056,249.737323241475,239.88765722490004,267.84707125058895,273.30414263654774,231.56337043376283,235.58240506064567,270.093281014884,323.7622504772379,222.05448352502015,269.0164513272534,313.54429973795254,392.2974823532401,235.3980310195151,368.62604421029295,370.02513535199,424.1407454635382,134.39480050528556,419.5676221142483,371.70136881431245,477.231943512705,291.8401429718106,418.36748115005196,342.1624873491577,547.4844171546313,280.68236051923105,411.47937356080524,339.1578103150839,583.636315583255,335.6831698733081,423.4519441842105,358.3792436354819,sentado

11,256.0523917647187,268.5179623852444,259.4201546680139,247.43943354684552,245.80212013452433,266.89616776997013,277.35160955288063,232.4605761279392,247.616581067037,268.1193598884553,364.5901663962041,216.86423664612528,294.0362382287645,312.9572900556868,437.0211444364911,244.63186880030054,338.3449016526515,351.90719398171984,398.95547764403346,215.11646959475502,409.4959358630941,371.13800226946285,491.79781442486353,284.9279486511468,439.00009722282914,374.82725685208686,573.3091606852608,303.4759191520483,466.6611496001366,392.58775566338556,580.021191448553,343.1638545396263,476.9587124219664,434.99501687728934,sentado

12,259.15975446738156,270.3102717418151,258.9054345824839,245.8303703055771,249.34211630023407,266.77953647361187,277.02621550504335,237.65272974318566,244.617246041502,272.4920816087537,328.9294080474497,230.93221808407554,272.8989705037514,314.5729012990276,431.22381551720287,255.96690053976926,333.83330265742796,383.61164766897946,404.8417125954238,230.72075699090027,392.81870756631696,372.7747958884629,484.93273832269216,284.59643259308217,431.74002244407563,381.31697946392603,567.9954123589779,299.636938072828,454.5387960352322,388.8814539334189,577.1716578516979,342.0311614975391,469.47763185463987,430.52091303131454,sentado

13,259.15975446738156,270.3102717418151,258.9054345824839,245.8303703055771,249.34211630023407,266.77953647361187,277.02621550504335,237.65272974318566,244.617246041502,272.4920816087537,328.9294080474497,230.93221808407554,272.8989705037514,314.5729012990276,431.22381551720287,255.96690053976926,333.83330265742796,383.61164766897946,404.8417125954238,230.72075699090027,392.81870756631696,372.7747958884629,484.93273832269216,284.59643259308217,431.74002244407563,381.31697946392603,567.9954123589779,299.636938072828,454.5387960352322,388.8814539334189,577.1716578516979,342.0311614975391,469.47763185463987,430.52091303131454,sentado

14,300.2622596948527,274.658557342648,300.143287213396,252.85435788640712,281.9412307442394,279.95710999307,317.2654448659503,239.09092349579362,270.9903539665014,286.80139391709855,369.8711953135316,217.37925331323527,331.93932167379774,337.0477267758855,485.46130884667775,228.93897116694467,382.5396903368285,414.5723809565087,466.22047814692036,224.75484386399557,420.55827913024547,381.55589362712215,498.0213483817846,275.87565577169335,430.88684298741674,433.5066650924979,527.1672587125681,281.01524698873436,416.9029235468764,491.77845617212665,469.7819241623934,323.8602425541859,419.8029621547298,627.4148535821224,sentado

15,311.1840942917167,275.15818795526997,311.9212273549477,250.60771465672593,295.7672771349955,269.77125792744556,334.72399771723764,236.4665521072506,281.0080261824196,272.93870357409526,386.0307466083927,235.05747040329277,343.2159905637748,309.24949637090185,443.66645673462386,240.50923969402385,385.5240074781128,411.69722314381875,470.6438669360565,217.98882050273016,449.9263183949986,379.5683895363418,494.90831011464155,291.3390931730604,439.1745454068313,375.74637496888863,537.8917266756644,335.1909781875313,466.4535778951088,437.3528372916729,573.4413613345372,397.45988349506365,474.9425863894971,580.0956511144972,sentado

16,322.62869640454244,275.2033548911722,321.66278408659105,249.36500086209185,310.1221520835787,254.60887157870633,340.16291212386193,242.74949186599667,306.08347641169325,257.04629385981576,370.2899309401382,237.48160492492553,361.5038786862147,301.960517081769,511.084870156611,212.22817880355893,390.67460210777904,361.2350835243551,491.3486829230757,155.13640558858788,466.11462841701876,368.23833124183034,476.133720999098,286.2062612823011,436.14013823275434,395.8000559305866,530.1900000331003,224.1735848749658,459.3228268456366,450.38277764357474,503.14921557949674,344.40766940320975,476.11968077203176,581.8568422191338,sentado

17,304.7167781429068,275.001385195246,303.41435390131016,254.53705635516093,290.43580235581453,268.13793203153494,318.007287489301,252.66411929000674,276.0451708396585,278.83764197204823,360.3121407356707,236.1414164865991,321.7129712754186,326.9779411642468,387.86442634196595,217.81293897220593,329.54127158079626,335.05726158943617,387.02589659932056,180.8886128956242,373.23110573764905,337.9633213147115,435.5663024367989,322.0166127839441,371.23432324554204,389.2789157318234,478.45483177274116,350.43206407123967,377.3552295521539,393.74614706670263,455.31696631286854,388.35272449834804,424.1466251736949,387.3163929356675,sentado

18,300.3083124420522,267.4685859531744,304.2399654314212,254.93665479964318,299.1531311213274,260.21139360123567,317.09080709000966,248.66492358255942,287.38115683232763,269.85451946926486,372.75311555008943,235.64504335455393,308.09638346215627,303.55126346038935,427.71909839912144,252.15674058194287,335.9622218803673,299.6539454923993,475.3365502264713,153.42871087812728,364.20223847623,306.36059510939776,437.1349877086595,288.1247157531026,438.68981624855604,334.2830074473577,520.9787215295933,226.28169854605704,475.90928111837064,266.7848308874939,477.2930743258287,339.7503032164815,454.6244695641187,336.8434733231244,sentado

19,308.86497108667277,257.61505708805777,301.9849408220224,242.82030563502923,297.6144674575746,253.56724402876677,318.90799080073134,243.39319622470242,299.61100273280755,267.6599731148449,359.04514658590233,269.4768869422289,345.3732337209501,311.62542163537165,474.014247053792,288.86227244811295,380.10839950620897,291.3828276966332,458.86670797622617,305.42996301910756,359.89236609017337,277.07323331127833,479.4484898088507,287.5461059377351,443.29653375529125,320.3984385093362,518.1315737624112,235.78417000974662,470.3411499721067,328.20652209923884,508.45432842566345,302.14282271092037,460.49909456601864,328.02217737338884,sentado

20,308.686834120101,276.9115625225616,308.626513989519,252.01998343263614,295.6650532525801,274.41104310031994,327.6754981014979,241.42441748459515,283.48193822482216,283.6916251275326,388.41874911534643,220.81778396428325,373.3081654203541,332.07845126794007,473.19477139929387,213.9426248750798,429.4901986326225,355.7427860067048,492.7840229138326,154.41868445845427,469.5919624803595,342.1779025111217,492.3440012653514,269.5949940662903,468.02173765902387,385.11364456651734,516.0446039192407,216.85494113432293,466.1972724083332,384.36529214465656,512.0922153933038,231.1108011030501,479.024858029436,364.94762251442046,sentado

21,311.4356312659,275.13772461293735,312.0059698379457,254.40570454282056,301.1040840891085,261.21674222241114,329.5415359081461,249.56961383151634,285.9136019458103,276.9211286552221,378.3875702438651,238.81706649598442,306.1504975552689,310.3533195169055,439.40255449346995,184.21200931860778,333.18685393574634,293.48831623723066,492.3326194555379,155.54114740275224,357.84025048281893,274.75201594133785,442.82808904981795,322.48929774065425,425.27756665374517,324.2179828747701,522.9965619038978,238.93112871340736,440.1811291290164,254.46869941444248,499.04897287569156,343.4150612029583,486.8281321989423,336.33784893050733,sentado

22,319.67621300842046,274.9253863620387,322.27926154823155,259.06161211065745,310.37878561947593,266.9225737575427,340.658359126822,252.98020445233652,299.5505677456986,272.0571844494296,370.1771734948288,287.38662332319564,319.5179946023666,306.52294559701403,421.21002000407947,329.1099394861362,331.3622714684631,328.35680478463377,434.91552456807534,338.235079724501,370.20240515308154,322.51758076708603,426.2870156922693,313.26818307364493,391.4723389028111,324.7646511686451,477.60012437026325,269.6718850043033,420.60614893130287,325.8241522822398,481.8537156813803,317.468383996867,437.7646500702498,340.7079104635038,sentado

23,305.5200933463842,233.7987915514044,320.49191619635553,230.16525890483928,306.0806081452722,232.4717848662736,328.8592401497095,234.87857742903293,291.1821746826172,244.77702384978414,367.02385387346436,231.36426900425772,321.3746299075709,254.84280600343692,373.36577186881334,236.09579366468733,336.68243995993055,273.6251270873073,345.9779942434585,238.01311382894846,349.1835596700586,229.79576309738457,423.51196084968774,295.7620505618678,421.63953483707706,295.53432389641546,490.59149205545503,275.351266497304,470.69273366816776,280.8798327167674,476.1641798093625,343.66655648264896,466.86207300030304,345.6586944147771,sentado

24,311.78841505533063,258.8891463817789,310.8401041067992,253.09723853322782,307.6665093091675,254.1707867574135,318.0707472938508,248.28861505233823,293.3429343375714,257.6104093321566,375.1144955334496,229.54777369517757,305.3039333625526,294.41673094753156,440.2301492653932,256.2299487340311,326.99746226151166,295.5250051773012,492.347701848249,344.5179155420236,354.2701209992286,290.27244037227405,434.4569362833342,287.12411204386314,391.51700707817815,279.4933822720895,505.82114027446346,208.73470897155045,437.09282592298456,271.1167360595228,495.99340535323444,341.79476591770754,464.50130093051297,341.72886108517184,sentado

25,303.19016497422746,268.68516202102836,298.4760644816239,254.57401970295587,298.44211415094156,270.035656079244,316.7662736794364,238.83694385369,283.0886537425713,273.0505360703524,380.6360645516837,225.5763213458228,330.1843737294238,299.855322811854,515.2911899433061,256.95400742705226,379.9736271720916,333.1163278869153,488.3298513954251,349.3298603235979,437.44990070506293,346.4622062412217,518.7060491361507,280.6574036119513,449.3700194600027,318.3398917231578,535.0440888015213,270.54070382916046,449.7011775747811,328.0648992813051,500.6233883868859,340.476833684899,460.45536255001554,330.17217198234584,sentado

26,307.18712884628354,270.72757539860464,310.7672020730341,250.62506428581264,300.87819748815394,259.5021891612487,327.66433341772176,236.72350110525286,280.29615801503223,274.38422960808305,368.8998780519582,220.20309700576246,312.82904626423283,313.3876763429159,436.0776547086842,243.117722284933,382.9526184319522,336.80672552798967,413.7943406902862,245.0483122131704,435.6827496480385,349.8476909756197,500.2096987772544,279.9826663570181,462.14735810394876,372.85420894993877,537.7208988323285,269.0094145837925,469.52749374775567,392.42248616793734,558.2194006359531,337.64154918091765,476.2936842803361,427.91714388479977,sentado

27,312.84893807734034,268.1184142888288,312.03521616449615,252.0808448049345,306.8211204291318,258.87549261545854,326.85347859126585,242.89358842604815,292.9596219192683,265.94183747406595,372.2715593033727,235.37982980008252,323.96627657701066,303.8544571575951,448.4706708262402,257.38540067561405,383.52246571700397,351.7826218512272,467.4419301103525,356.4039025362363,434.2545567226781,373.66516997934775,485.32985869826973,277.39236295826237,435.78729740840447,313.6835357428524,591.4514508525684,266.6360696577376,472.89755574831236,326.67332434747004,652.7884117749878,327.50958842711685,441.146764139257,377.4069187149463,sentado

28,296.1837783694731,273.82042881115865,294.14733910467834,261.5612724690122,292.70451141238675,274.71840231335113,314.08214434761015,251.46638205264793,289.22156275292775,277.4625497365276,383.319086275212,218.98567760779235,320.75032253488024,311.4360814372853,503.19470505770073,250.30028778848015,383.75615626828676,381.07447328085095,521.8166372618323,208.9721252797642,432.7149152050686,371.85993375666874,489.6994234374525,288.7219220988945,437.51557975798727,328.6137734498495,520.9167556465832,271.3888138648601,464.0650640406033,335.7104168309312,471.9389313130063,353.93336224092116,450.5561868689867,373.54471380330244,sentado

29,348.15333753058883,277.3802259274494,351.92914988001957,266.47023728663817,336.3574117222648,278.923397316543,366.2773344359045,262.10282571399256,327.9455234364313,287.24429248557476,413.3401720217693,248.88169167663335,328.3596921393843,311.1532464528362,430.9241768655146,215.24185673457634,367.8917918038275,360.94503460598355,499.3952259701977,151.31154792874702,447.4128075981882,386.18891091847695,445.7398467601969,341.4450187460458,414.9481901473108,394.884448804744,514.7818759814311,320.10219835214576,474.13708817448594,456.74588042381674,466.7665100097656,378.5014699498039,473.61176293740476,577.3725365961571,sentado

30,310.73463159405304,259.3624307951574,315.91280614726736,242.98108195887465,304.9101650668489,248.87667575049488,335.88899061744775,234.07747046029056,290.550775312728,250.82223282157213,370.5580338541172,289.60104162683746,318.85757429219404,312.2961900466147,425.43916801719814,336.7165686611071,390.767012837332,347.2848024924905,463.68173431515226,343.9285849318894,442.3643597554604,346.9729497145122,433.60478109515594,371.67233371363534,380.4370952858535,385.2066421657221,513.7379867019356,386.0551848801193,433.3328511872644,381.1496854255171,518.2709065300018,433.5751164358413,480.5545148960811,434.8277684668159,sentado

31,297.13894255523087,245.5184557725483,311.6048035232009,232.8162580779554,297.32025695682034,239.00576423995687,324.39051095984786,223.37582762603165,276.9207213583623,241.75767841784403,360.98169764656035,222.3713616693994,312.408250497009,288.91326323928536,446.11411226027667,223.37025472440604,334.6992453489786,329.0007471166232,490.2028018342845,137.3907810908811,440.66159286202156,358.2711400429098,444.72262858231244,271.8868553666289,395.4606688681279,319.3864407966109,491.3975693224005,179.170859192132,437.4078065746025,271.08450700336857,513.7932547187063,249.4380700671719,451.73507111545666,340.18184121573483,sentado

32,305.006122975034,268.80575822763404,311.6336950532193,253.82419381345755,300.3413093062226,257.956667146794,320.15726164435597,253.81559845445685,283.8246449273848,279.6603537681965,359.47591205700826,286.6168238049815,317.5221176871066,308.6390952915533,375.0298002517641,303.0814168759357,375.71714104381516,342.0629448946348,350.8891256013269,298.9445365133916,447.7922809764105,351.09016247018303,439.8685919320073,374.53642439192834,385.95897386602854,325.9463596269778,472.57857734220033,385.32113130918265,397.115773449612,348.23354179293267,465.6386708359774,429.2281398847409,368.76595327640786,340.13943083648087,sentado

33,286.54316046451316,225.44712978021641,285.7087529698234,220.6119217334554,286.3971809654384,229.97926842656113,291.02677065481936,205.94447418687872,283.85869595420036,228.42596055561467,351.1545008202935,217.3604168428057,303.1455408534187,249.14282821774015,376.5573841941032,245.36918594865017,337.4478879104792,276.8062862886065,346.6905421097455,251.5480356030891,385.7258686110203,297.04899867313844,484.7271443526568,260.8553831345376,437.0595836119893,282.40362954046935,597.0796669095406,284.83604140226015,459.3147176601543,278.008747590655,641.2851789452222,337.4030488158942,449.12107029777553,323.66082330251015,sentado

34,287.5373900298478,228.30357305920074,286.7020636829421,225.65772787606204,284.66280020628454,237.54969773496634,299.49142292779703,207.30279894283308,278.75239188940145,234.78738331330885,369.84865511345026,169.42387155614472,344.72973822805204,232.01041799760515,486.8392866557674,188.92158674544396,379.0516384288031,241.72857821869013,471.10141049841496,311.18834692216564,435.6729774029802,304.3736826084003,480.08931960762703,224.98668884396085,435.8297738694959,228.88418303018415,503.29375543854115,186.8623083880903,465.1917302617767,214.4133053493871,477.098795493753,313.66281121992415,456.3135685308434,305.48237850322795,sentado

35,327.78495322498367,247.03403327437223,330.7248366240861,232.92129830534816,317.878743368364,238.01318531926967,351.1634218683502,231.5533834227328,309.20248249810953,252.25805741247035,373.64263431385797,268.411152108634,330.17518835401717,293.93814031994293,436.38943983144793,288.4566078482899,368.5630111842768,343.2839134379583,453.3087833270952,316.5461820609838,440.9731073639272,338.63651390669406,434.1790535032517,319.44597738540585,413.9834920831227,333.6273733502695,473.492770002046,339.27235019995544,399.4979481678528,342.7569906331222,465.98159073113465,373.80905059339466,412.9966817774197,343.9239461245703,sentado

36,298.8328403220566,238.92194648475498,307.8715415835844,236.0700844864901,294.94240115867046,242.6267845806908,323.806803796078,229.288906750512,279.2052302675952,245.38161090746928,347.36495918244236,246.43578967973878,292.2636228331332,291.55886386062383,391.5327188217222,289.8956399650425,339.4292872981802,293.6290190229156,466.4554187462951,319.4353665303627,444.3336740337921,315.86569489950335,446.783606236083,311.5319425827798,368.97377214914167,380.2220899529958,499.21960719364625,255.632668046172,427.6653341374972,375.27248008520223,482.4872721512494,330.894032667583,444.274651939303,424.63383317643104,sentado

37,288.743342655642,224.4815136505008,289.6856051493248,219.8064093088825,284.5156123536106,228.91945106417285,297.8226645799926,202.84917102620756,274.9525312579559,232.18274133585766,351.5719665349225,227.50067558733866,343.89048001181754,238.19332057307201,377.8674880892386,249.8068311075292,370.72098832186094,240.81256230981433,355.58670406118904,259.9743202892259,361.4896349034884,252.8722503305873,446.89811976688844,217.72533805639364,423.6633856101722,267.4027369755251,494.6670091384116,169.7150658930322,432.96915642111213,269.04144539443433,471.66465274647516,300.8760315267956,453.5665339607209,299.5582298842849,sentado

38,507.8240083924527,97.40909030186987,526.4058680590024,75.62242731324426,514.4265122469297,74.87466294106804,514.6962724678247,77.59454574288094,470.8590152384242,78.35300750583991,471.6412184748668,121.0286097545104,412.6148664274104,90.49883389009108,456.298155728945,96.65587693151332,431.34865512179954,97.31992702261482,490.7925051381152,105.71097828905869,493.4879659808563,112.0353342494148,468.2759112198529,165.28888396623069,422.24141659578925,176.22061825169664,548.5806660633606,190.980618525108,501.4072951973644,204.19268558368606,579.2163252886166,286.7013294947286,478.7517854564384,300.4627069406472,sentado

39,330.85600749806207,253.15305408522312,329.7409606666416,237.4956329583194,317.97336744612755,246.7627822786917,347.99936212918175,220.72628264668384,307.7582584336574,250.80017879500923,383.67580862082394,267.8192775444298,361.0171717929469,293.757495488638,428.2085056008068,286.20647880168275,386.1721963548475,324.1319081347276,410.8353431196992,310.00276480945627,435.01997792581636,329.6155190375065,492.8630190303817,284.60379285107325,481.1514683215071,379.57564280469126,549.7602158483364,276.6688266264325,468.652142654597,389.44054954617866,509.7820132363167,337.16528951147643,479.94534655767654,437.88898755975265,sentado

40,295.9782449744555,258.2640877215315,301.8856638748822,247.9768425165911,294.30184788091634,257.571770337769,314.71911504574786,229.70785773310678,286.6669506265959,255.93348043716367,358.05287666172364,210.99675320280198,317.57776960788533,301.97763857117883,432.661951399035,263.383820559728,386.10028358192295,325.932067069562,403.82943167482364,315.95417847985885,428.1108606390452,333.6235335235002,503.5578782493502,287.342025556453,466.7628975359846,364.3013327038242,529.1226225938315,218.94492399460609,471.7696316121617,386.20662006422697,474.3440000444998,304.50714353271957,480.0522736575353,442.34723805824603,sentado

41,327.498638717117,283.49912558826486,325.9708463023145,267.02409906053356,318.59753970506125,275.63463957671524,331.95725030565075,247.79662790558217,305.0404713701181,277.76816879450575,389.32466187829635,249.59601824571183,351.6232822284624,311.2101633687891,483.4201533840788,286.9167759520534,370.9663175367659,339.41682043706396,477.213256119754,337.6980483652552,463.9668396827312,345.2175906516235,438.42719129272933,292.86183976755996,395.6119160336743,341.76675665888797,481.99510957294865,280.24819970038146,420.19835633897594,346.61339647018485,486.88705674405224,300.3649553825883,474.7052044005709,381.0261391368821,sentado

42,279.2060153827593,271.7561549324006,275.03432169220326,252.90883134775123,269.6495239836696,270.6787708148882,297.2307082001801,238.68390264492552,259.80385256370215,273.1896996999065,355.11351247705835,217.6071381030843,303.96743764023836,298.40726521414075,379.9100257636044,291.2416451784423,341.72682062290056,349.5116392647709,347.35943505550637,307.91105280775963,373.1848539582486,345.2604986113797,476.13674207976817,202.1529579607893,442.7346367446365,331.12016786211655,514.5617754746968,228.7683809035483,473.7233663106243,260.22153873666247,470.6109365470678,338.33696139740107,454.3001760935505,336.8917429586329,sentado

43,288.42644563073776,238.87259279243676,294.42590394372604,239.10515333938224,283.1612934157078,247.1873675246183,308.7583362416071,232.42841866044216,269.83522574725316,254.1775648658841,363.5706086065982,222.96849760656687,297.33525910730026,304.26501102670153,431.98292905161816,247.45316676870857,365.91869139021935,352.5607323405344,509.1629837570487,197.69574431779319,436.50175850122355,344.05017944625376,428.0739527527924,199.7527523411851,428.65161106836933,327.53652936289745,498.6002048240097,218.51077576277316,450.4522133912557,266.77363788293025,470.5218306960762,322.46636576967944,459.96288293623275,331.11512518856773,sentado

44,317.1903321882166,239.70362854003906,313.2704756918584,233.02830132065117,306.2268771457301,237.4154355683679,322.41032897266433,237.12723005792043,308.0233984327502,247.4055548048205,366.82812399437455,224.34795124335972,323.1286566396631,297.5112686602522,485.6092857479585,248.52967766194024,379.303631288996,325.7850444214817,496.81496779742406,235.72428924471484,374.5015255226699,320.0154439132037,474.35286174673973,276.4369832198443,384.658347994437,373.3560076761802,511.8183659653719,227.50964383670788,381.77672281525014,382.9181738530615,481.43108535647855,312.151894061018,380.24262823854434,355.73821534628064,sentado

45,291.8034588112441,249.10493107064684,293.3995444449933,240.60516623300333,282.32788501546537,252.22813414043026,304.9993621737113,223.58071121631428,272.21085482348724,252.8315266115656,356.39131100725103,269.4600864217439,300.76295076362817,299.76985854211944,428.49346818441546,281.1362365396106,338.6759512044112,286.22230186165535,398.3209724277838,308.3842994600882,355.43055897278543,274.7398694702623,489.81886163852556,282.1029799940057,391.54846203280795,381.7906289007876,514.6236705557382,230.45614721988426,424.89811943291687,380.7350234688488,511.6642127723545,311.5824542806306,437.24344531107505,427.2416364617849,sentado

46,294.90695926651415,241.80717076401766,298.95607980216056,233.29742432382784,288.328018307222,244.3712888413366,314.206481258229,225.3816332390336,275.34234565705174,246.06397078102196,351.2974279678285,223.73250591708523,309.5241216815399,297.51856047634016,381.94072456211427,231.56766811326315,335.1951328975217,330.22851618904076,351.2418090879685,238.4621438479145,395.92109407061264,342.15390910063275,446.5964750594202,279.62392851536373,382.0567194274427,405.2554932531216,534.4059364971947,272.1730573780342,423.74376334847176,438.21171316005837,510.0722257859048,344.94097185877047,427.88721610043297,510.5219588966221,sentado

47,315.217532092959,238.1926106849997,316.1658382230232,234.78799614368245,311.2475242021019,240.65149422285617,326.17970109635286,231.01035120329504,307.9709278804319,246.74144335201277,382.06357227132474,234.20410371476106,334.16257114633044,276.81306125032296,423.5014946470001,253.89369617269193,369.3742350168265,280.1276703623018,422.97267267768945,308.95746971753783,357.3361027045936,279.22386120451097,440.5920370079664,290.7849047267483,407.8161520753853,333.57758697925374,476.1599399514699,297.0519401015938,402.5125213504301,365.8492965995106,477.40120977928666,340.3926525041751,444.00235858130543,433.20898372190004,sentado

48,316.14631113839056,258.97329373489555,312.6804376520535,243.8730608943835,301.9189565339441,254.60018496383486,328.77439107041414,229.04154748582653,293.66772499529765,267.5881264237578,372.38754453176654,229.20660103527024,357.28506628548587,301.05773691259003,499.3687507540335,258.8915835428794,426.6104559991146,353.0922608134348,503.69628193777356,316.72549198017043,449.23698413418424,345.1771473870667,507.95279560014893,258.3625402190806,498.3758790131209,371.78868180211873,526.057349694842,233.12517690101947,455.53607323197537,379.45475237657126,503.5397497986077,302.44247158955966,453.5098971058886,367.2510528564453,sentado

49,319.088380843285,250.21233050275868,307.88759238988973,242.50183916648535,301.59357900656613,251.65624382523708,316.616010661255,222.371813228622,301.5952908408317,245.96764076915696,377.0254135280268,217.26139792950698,362.537445038673,292.77422075791117,498.48896391753556,253.27877950111713,391.07039455309916,333.66893174583345,510.96668751044956,331.9188848710709,444.203093176222,334.4375437576947,500.94532336520774,221.65877132193123,473.97203442837014,273.77847628463564,522.8644808312798,214.69996521352329,481.8561064278569,268.6862539447235,503.3670921177252,323.5467188497461,468.0828232375564,336.2367350656234,sentado

50,518.8158574827913,150.2704631939008,532.2664870547877,136.26787720765583,520.7250569562503,135.0465979223585,536.6654224173104,148.34448286717037,510.700988175804,146.67500233928513,525.5723499157085,193.52802104430435,473.4136124176738,157.16116410192348,481.2784673861492,249.92031092959155,441.9836843171472,137.80718792273376,474.7821839639649,318.22847145169624,523.6759429812895,113.62481169941822,523.7394468403976,269.4297910460238,491.41290188206773,229.5792247163646,519.7114536122125,234.1826971328676,508.04540457521426,236.28426988208338,475.3108267649602,297.07393905995883,468.35311919334794,297.1144991477639,sentado

51,335.71945136994236,233.1071766805092,327.05238570870125,209.02362348504568,335.58107285555235,225.1537264219054,343.45340844536565,206.2624505484614,333.5567721949477,229.9267113385033,391.8166787707852,230.48866735079872,370.18694864080106,244.58957721101632,437.12317007339414,246.74387736635913,387.49378590268384,296.64694104027654,481.92556237246737,325.408927056576,438.3212967215809,316.7908941187283,482.74008867434486,282.15497302637954,428.3834934531483,279.30197701658255,525.8362201994959,281.3526356767587,478.78362706848617,293.91494087486416,472.77545676992094,331.3567817480183,464.3722729961232,332.4843447941287,sentado

52,314.7332557722752,246.05667660486836,315.3614155587519,244.79080151954975,311.77097731712723,249.23544033955972,323.15543237085006,228.81604164212592,305.4755541879379,242.87824721280703,372.7262375493921,229.14575854349692,331.0894998038325,285.4920759238158,430.1555333861117,260.81913882006927,393.8008992235948,335.80180329200357,438.1792726924911,343.3530302214715,432.3956494609669,341.19821763688026,477.9490103146445,271.7962697544914,462.35891281306044,284.01507448129615,527.9196311005823,215.78730723458966,479.9497583070154,266.24413513302335,505.909070026086,311.30632660268344,465.4592814612481,308.3346074916973,sentado

53,331.8793052049926,244.2903562909434,332.11001263332736,236.46246742367276,327.03494325036667,242.4604503023021,349.15792149050225,231.47346688059054,318.1419862680398,246.58119332280137,390.8351762526694,241.60281051828701,368.06426598960786,297.66048538267376,420.7245743692153,262.4667116454603,376.4515281706932,334.54130797627363,411.52445238759077,313.7040116722018,448.44524505258994,337.21564701837326,442.77361086834264,282.20715329062614,419.8875000987071,331.29902150194926,475.04488450335157,283.46108919729977,408.27572765424554,338.83751046889483,487.63809098714984,331.16491155958363,436.3016674175336,341.05336703586204,sentado

54,289.2351866250836,249.7593300667254,285.86077109014013,246.94471108403184,288.6071070808381,254.91354661043516,300.86723104989017,228.361948495709,275.42064948768467,249.76852409570597,334.18474946968286,269.35859258629466,314.43594335860314,295.66735096200426,380.5611537087288,288.9026500241765,373.8749229861604,338.06136237415353,459.5769728723667,323.9212832914716,438.9748429472808,324.73919864758443,465.9814389002462,288.2440449978127,458.86073701019876,375.37472127476553,523.659868574328,287.3953260651822,461.2349472936489,382.70453127256155,564.7799204963654,343.6113948655036,472.95803636335677,439.26380209421825,sentado

55,289.1131303245455,246.27086357383877,289.606807278288,239.37364620503746,282.4347629472903,251.88224764278425,293.91999870329977,218.5381934318097,271.5397457761059,249.57395320550938,348.84950024794045,266.84064014598084,311.90585782091904,296.5092689721964,436.07985271646817,279.11699585970274,339.93371199077205,330.1362580770648,424.00301596719464,314.11949021157585,352.11194168268935,297.456655561692,484.6677060999295,279.0299471992463,379.5762723633287,388.0706699089317,506.084183748594,219.7005823929486,370.26214987016374,387.055521508599,481.71121924582155,323.7128360020975,375.35707723862464,433.58552432524084,sentado

56,288.0604435070943,245.42201719766456,289.1549821549352,241.94077919243836,283.45502088969783,252.05830696491876,302.91017150878906,227.50584491774265,268.6295016544802,245.12919756225108,355.57520582147146,214.729871965104,305.9486261954103,292.57194287674895,471.63974028709794,257.17162278468504,335.991420612261,339.008187661375,473.26619504861793,324.06428910786076,388.10159090984655,329.7678628468791,445.15921397524585,267.11625175624505,379.25704516696555,319.12721118852784,496.43655015522404,213.21363993841385,425.9545713417261,270.7256779058434,483.5678226901399,326.4473590776614,471.2399176363815,327.52228872692535,sentado

57,133.3102010882782,282.4141522863959,126.07215358867718,257.0556884943743,111.84129300841097,287.41155426975354,141.15368566253306,240.09682476566923,112.64855502829941,295.41391905179745,238.4647233124373,219.11913617204596,198.3166565505447,361.62495063158326,294.5021749711686,184.10994985409747,324.09476012293004,390.6695497861632,453.00989832302935,182.80943175883607,445.91925737551674,343.59724056859886,324.69070658702327,263.6287749175431,329.064427401769,491.0849052607317,415.886896022099,308.9408595756798,364.02811401456245,547.3767995277731,435.20243066572493,327.0627650695088,360.24714531508863,664.9513252198927,levantado

58,136.54141728145137,247.0543495059477,133.17837411605893,236.4601569194274,118.22001072033834,254.59952257208323,153.27963164066063,225.16198822496466,111.15698214727617,282.4530178470834,269.8236869930757,195.1663015046472,214.98476909385116,354.0359731740988,344.50556346136307,150.8930579456374,273.78689091307643,384.8541545645272,462.7289569424284,127.39862865789388,328.5180596229167,344.6296275028459,439.6494991732942,330.3088197819453,329.10867863220926,477.28898825441354,498.36367904722454,253.37662782186663,363.80371661501636,608.2536365002509,505.13039941453746,341.5068575788564,354.62633514404297,665.2436767756243,levantado

59,121.71784510037314,254.87202518923272,128.3859556324287,238.45014547095684,115.539473359223,254.81510197977144,140.52359376899926,221.9706445538116,107.4100286802893,278.18839263916016,246.8367886376288,214.9253703610906,203.11191183305434,363.7205410077878,360.7415908635358,192.03073719781656,257.41373229119563,443.36666919099673,479.4278840758921,160.17087082918516,279.5189443506619,374.7821135168409,368.6430299959294,204.25512190644378,324.5584469361064,486.89389364635895,479.96067793731095,215.5001627703121,363.2175101417512,550.7081658923672,533.0443623242211,284.3204960804505,355.3720812667668,659.7948933612512,levantado

60,121.87814390427407,237.20966616678794,124.40250470944414,230.98157334977083,102.98803075649394,251.99366634086874,139.40032053550394,230.27219111817357,110.38697612331998,287.2634648720114,254.2934647497036,212.34498002464204,213.64409959548178,358.2391941946304,321.2786350250244,159.89622212569537,281.6774808237989,376.7138571238239,457.8439546577661,158.3330169262125,271.4880540454434,338.8350528538923,410.03971150320325,319.1976811746679,339.2839733376113,408.689981898445,495.6214464239573,273.25108972690447,367.9982793414639,439.7831762291578,503.3697401113547,337.56255306436856,365.0264851017221,575.6267897609606,levantado

61,138.3858305934802,261.4272773831735,133.68855422201787,242.8298143394262,116.81111447820403,261.5190807891727,137.3236484453372,222.57832526418485,121.17732713751292,279.0863582744672,281.4381591559384,205.35107659365877,262.39014886603746,348.085902381036,321.1695559386613,234.00166357908728,328.32338016970147,381.61297260091465,215.32548665443747,262.25860105878184,367.3197722750415,383.9181289375988,449.41880044306293,322.3732470204394,363.66744170578534,438.62275398937174,476.52811726892963,348.90323244087426,357.2486780070145,507.8924988624186,504.5331627812367,445.17856315879965,353.5086521193211,664.9093821336322,levantado

62,141.23068359018762,234.2654728945127,140.2917126013611,225.77367160663528,128.06547445453094,240.39475291062882,163.58272232619703,202.01585860196718,114.85337789513257,244.46486308324194,266.2077185448969,171.96691621416738,215.21483301095924,283.7130088954584,331.2481119475012,129.9486138755709,233.58091994111174,340.176942506189,367.26923461646885,143.3964078287206,357.6866180776158,329.43075107322124,362.60300766169325,249.15693983679148,338.05424226397207,302.8784567391362,424.65796485856345,263.6261898589969,372.0296018355551,326.93656764049007,401.112439166711,325.1278621213445,415.5868884134849,387.10235386414286,levantado

63,150.99596724157666,239.17066190214933,144.12334994304967,225.81549354286045,139.58513727447865,250.18578527131433,168.3667613968311,213.85846650832354,134.85345271960307,275.12602183419904,313.74303851517254,212.79989368720737,235.33973681973112,361.3073770545336,433.00758694303636,224.2503625298288,270.81116283728454,443.94836243210136,459.8806315025003,218.48366647564484,255.90499386620428,452.9607611555997,447.4350929111822,342.7460576291214,363.65245135563356,489.69334527397893,479.1372644149839,389.1272115002346,361.57774795354106,601.970651752754,468.89592523983015,505.3128397529691,356.32590965538174,661.2329255476999,levantado

64,101.85256935743043,247.28173553526165,101.81954574584961,234.70166100973285,81.82379456160133,250.5681528766795,137.1387577576396,228.04840040392446,97.35711163769436,280.83414813980517,266.37819532847124,200.45221285690127,179.1242386636103,313.9010283770728,341.74091021467274,163.47881904928602,175.87600797066892,399.3663806933837,426.4477019402767,171.51699015695294,154.76471119446512,403.67342601583164,389.37966871447134,289.9186091070509,335.9740772766826,376.99190117505736,431.21588491001944,299.74070779822677,381.3612017946948,385.69592861071635,473.1991090032377,336.4733568184106,421.6703997261329,451.5712064379384,levantado

65,99.57492351903062,250.23092073967484,98.72986504818215,241.53653613880914,85.52655186634583,254.5980577580196,119.42948613741981,222.65713257548407,99.92257377238589,271.517575898523,259.6542967785193,210.77050157836436,214.20396026284777,309.3539229812325,316.22162378251784,220.3967372434148,284.8766866602322,398.7556271775687,240.95699351863638,237.67139982898874,316.9662577734847,379.00306571040164,371.76730768225997,325.1284867520462,329.20586692127273,429.3095778825218,473.53738310921517,343.1983760061895,359.68301646904257,504.2057624698149,513.2700423303745,441.79962652481015,355.1177275542619,661.8313117296315,levantado

66,108.56738322810904,252.198370566164,97.98028067206593,240.21278014906648,79.33499679862292,252.52390071111893,114.1578358750399,229.33977875171468,78.97744370991154,270.79028076884345,252.81380587329195,196.33193476932985,193.21794167010236,366.85618241009547,292.5673648522522,157.19675389152553,279.42806294363294,411.8730889405722,333.944406680096,173.2940676499897,449.00674871897417,385.26295333149824,393.65050325505,322.685296470553,312.87363891749993,428.05244487361676,426.70656180474543,348.6862649212551,374.53666414639366,505.93019948580843,460.8398691615242,380.6938481906044,408.92185226024816,667.7060972651618,levantado

67,101.45630883242833,244.906855779863,99.14726822107218,234.66046370420935,80.53147769438154,250.30292476847012,134.58991992519987,230.52675015638772,92.97193349103519,277.83514745690013,264.1657685760394,205.69589476826587,234.08463032050818,391.27273417817935,327.65573097852416,149.99721322263724,267.7081473755001,434.88421336964404,453.8078396570821,142.90322648875906,326.2054698662071,398.5337520981577,383.9175863303099,327.63186814720063,366.27978949416934,475.2427940517084,432.91507787741574,341.6333960373578,428.01795468905556,500.98505171542035,469.39621981758086,381.10994349379484,462.76699805352473,665.5788143543881,levantado

68,109.31657268657759,245.2838357487541,107.67029455385318,233.57178273924592,89.86313626181754,248.29514142047566,137.2339706717762,232.3393340500412,95.0009794569201,278.4635747174808,235.14412671397167,271.08400666945636,205.27783452490422,357.564061235361,281.55069652512844,281.18440705236293,271.5282530432081,449.8401105459561,241.73044209164865,277.4717665794758,262.581514295437,441.5520705879894,342.2316606870421,388.5006479048079,327.57971719823456,507.74446256615306,376.41411169029857,444.35921524285334,361.85947842727836,605.4386733904886,369.6581353004804,568.8662236581052,355.95839551636215,660.187235783974,levantado

69,125.5510243516024,240.37475951636344,119.39962344039738,228.3491624468495,108.83259068574422,242.29606307805278,134.45647552133997,213.60626517566726,108.98395762462096,245.4469933788136,266.2122286303034,175.2242386665789,217.4441096977501,305.1491372371926,342.0918267988509,137.74464618371155,289.52079704670587,359.3208862185942,448.4547608371838,115.39790382830546,319.37220272850897,345.990064099605,371.9607056198417,269.1950022775375,355.8018271895234,432.7962554456659,492.2272378053182,270.3917065928418,370.4244346692868,508.6983947976554,511.9354708482319,341.4780600581188,354.4620179350738,661.4931906345753,levantado

70,109.49852823932811,242.10559909538534,102.88456862631475,225.84824968033723,104.12725311680062,239.19371435939104,131.61891040727787,221.762091848173,112.96982525480396,238.5497990944042,219.9194519399205,228.74893868294203,213.10462320825005,318.52591681573176,262.1239213683726,230.70497916551875,307.5606076578222,364.9786196163192,255.065815892201,184.58862052724515,379.9281927620854,358.9321928506695,393.16300809986393,341.2220428926935,328.39815334216166,430.7789169786505,523.9438175097514,394.48490621514816,413.30306234990576,495.3988684272024,524.2684181821949,509.14589824750726,409.5896658693306,665.854720579511,levantado

71,107.97330514930101,238.11348584653803,104.91890015583557,224.1266038352877,101.67933739391282,242.35037408821313,130.73804266072432,204.00219052682127,119.50674367229298,238.10620455240922,228.7834666508181,214.65105836029642,220.50991282481627,306.2647874587241,338.53119736608363,206.6004701606958,288.8574738558164,360.6195437954557,301.8351899380814,179.65962878275474,286.5512444759621,381.2827270448439,341.88563730558997,324.24791165362996,336.82180970188244,429.1540322507865,365.8941887955721,336.4004370841534,360.0382944544929,498.0420577498261,440.31199162108425,383.1327289922692,351.8409227601285,663.8665462300935,levantado

72,96.4467045231088,269.76803093104974,94.24170150459972,240.17813517240234,75.16843467742088,266.27161731052024,120.05777336744018,224.82160382697555,62.584018024489104,278.06461191733985,253.612430839687,209.27483044338595,181.45317030138543,349.9314528513511,288.37318681650123,151.6213820639287,272.1685923416791,400.7359968883054,444.72122040982373,133.9948561882694,321.00276656095156,388.0764103752166,326.1924438773426,262.56969074887525,318.13145191845723,477.84331889467944,437.2845985620402,278.44757032579946,366.3570873468302,607.8288392909305,465.0382921686432,349.7464091527322,355.971695272839,665.1340379603641,levantado

73,126.88415462033757,243.2756759702927,126.88991160708179,232.18667320518642,109.39925207887642,256.1071671066581,149.26148578628954,220.13956403917837,105.19362256220806,287.26876085927046,262.31366572769696,200.09232487659972,200.06788188474187,308.3758016504666,342.7484127890739,148.02081560068092,232.09340676630515,338.0250590580447,428.8795772804824,129.26192996845168,346.8997524870045,358.3644255701206,375.2480024790485,258.90480463050216,313.211127514969,445.5942411237189,486.5156359097373,276.057911052778,423.14193166740205,561.4416027440171,504.9925731555033,353.7588432549502,460.9079035599408,663.9945959172824,levantado

74,124.60662206508769,269.3499059714232,137.05922826625957,246.53656920199262,116.98576562784989,277.07380287378214,155.99434904551228,221.65566232881656,112.76547818610639,286.3879753216695,299.8938219834858,217.01159285014705,220.1818786502348,348.2096878229876,330.2674700666494,165.04083005556333,280.81704967216757,392.0038341269883,456.090570650212,152.64923627088967,338.79184301354076,372.16584388940714,423.39376915660813,324.20614950573395,379.03825292327525,478.4671692013276,477.9762448819231,331.32647378528156,423.8596803316346,552.1694359241292,472.33393215298184,317.7178382131376,411.82113230367577,661.7219586789839,levantado

75,140.37914201907145,264.7898233614079,141.6889674264633,231.26230000892963,117.90919479785725,257.40122412893095,169.55766624420997,213.9586418537778,112.44860004172715,278.00280651879217,306.7860710945574,225.41699803571288,210.1070231259565,356.86801652129054,375.8713776258179,149.55002484154608,284.2045462641734,398.3313463309395,372.9960982697483,142.19368141263374,370.9681363606731,358.4418876440144,395.3521908118103,336.0365582328826,328.0120198587499,482.0175543759119,441.54108547700514,334.73665532806035,367.0583635396994,546.4162740596073,416.7823666746978,382.6219242556085,360.6883894775628,662.1114582059912,levantado

76,145.9098873657939,243.62438195967025,139.05423579234557,238.83892852137524,118.37040511550606,257.91534239772693,159.93647128598698,224.8665740907424,130.21232545607748,273.3061610715398,311.4777069091797,212.1980675129575,249.48399872538644,363.1154170351733,394.97857354308843,138.16670458604386,333.99904062590247,407.2456697248763,447.89101038832604,136.82641722163333,367.163928291677,388.22936465489727,418.63188166191605,333.71046339398686,372.7820110135505,484.34179420322755,417.94464667947375,339.57652096432935,419.3037860514125,604.2226731786468,444.492959582852,383.38819508237134,408.52836953248493,663.8575744406259,levantado

77,141.26845093367163,253.3992891719833,136.96220754185538,241.23786118058376,131.95698194095596,259.33488725595436,160.57311393500302,224.11060573711467,127.27948606617255,278.9891912259944,272.46846463986407,204.89967156198702,229.87783065380287,353.9936752913063,307.77996474388505,163.64925826848247,261.21151252479405,442.6327438502924,378.799366294178,156.99793724327236,259.1521153283026,445.3405631766709,394.9048073319609,318.99534802863565,370.1158873598863,482.0810936360043,480.94221978985377,325.8231468942842,413.79910251602587,556.2917971137896,477.0718999892357,453.4457400874869,409.80585968076946,663.2979179189363,levantado

78,143.5807456821783,242.30888216783097,137.50122450297908,237.38165476906624,136.01893021995454,251.76892594511867,151.82304476578412,222.38491788634065,130.29418197216225,269.5371582981213,286.12226478784464,175.79788329721885,227.51628605586544,309.727724335073,349.55155683584246,135.16049350931485,285.811629803728,409.0478606762125,363.55814195328645,134.99774997243622,313.501992622702,440.7546799359154,413.43480121300837,326.34714911791133,361.0051653524317,455.34846747431766,520.1642274819459,333.12074435638544,418.1511834957256,561.7100295278349,466.96566021396023,387.2636171481952,407.5950422472527,665.264277001763,levantado

79,138.7568738172954,257.0672638295689,142.64359981076726,231.51431174964756,122.17508893439741,256.05844433854986,162.23518857696178,208.35209670604894,111.61435106477848,276.04758025885553,262.39918545897365,198.4674920701795,209.82827420179018,350.04156131967034,311.4272195986736,165.6690417634838,285.8955427236594,397.3963776200661,385.66685438341665,165.11336588581247,411.0767023108812,376.1348464906447,394.03017487878463,268.2485089728804,357.8011504889462,424.28147695222253,530.0087910477753,238.93161060930686,425.9285531916043,494.0212635084812,509.5340364211264,308.60094719081536,418.4087146432483,626.3644638952114,levantado

80,128.2996590462176,256.3562295520352,135.44491505901172,235.48684540240214,120.05032028020123,261.13591784169233,148.8325580196158,222.43289330033474,120.72107610442758,279.6776656362333,259.85497237179527,197.72879782353857,222.06811311180024,351.77274654996995,341.48516563682705,140.1401057113469,329.4271757816062,396.37523155546376,456.962883945569,118.83961899456807,382.46040078545354,378.4650887515294,447.979025102311,342.44368366137553,370.41005931290204,410.5156122348651,517.4098609746198,390.75676129114765,427.65631790012696,497.62726362948285,522.6232510503628,486.2857094553194,469.40152760516804,620.6672772804586,levantado

81,142.3885538123461,210.4427388113296,136.77306086915013,203.69799694847967,129.98073693657662,220.6482950648445,156.79294018430005,204.16089077960652,139.20492755578186,233.7294205691564,253.37297779484015,173.03764179986734,219.3270676015416,311.93819798569734,361.8316784276109,154.44306550972192,286.66651008101286,384.5829177292404,476.49970522557715,140.7531893986208,339.5668020285521,336.03740549644147,381.9916280308586,201.74278484893676,356.7441305910103,431.57788730131506,481.5002415727548,220.30654340217086,360.902715690405,551.1723239319797,520.6907526157245,293.80213681825865,357.9670088207675,664.0455672379134,levantado

82,131.04863831041388,256.63800880046205,141.82686448746617,230.00399090065565,121.90793422595071,257.1487458819081,160.615764254262,222.0200533143277,115.7816074386181,286.14260913240304,296.67515347254414,211.6524486615964,223.06108476215763,363.87500258271325,356.0527493666118,153.88859798564982,277.4259862343161,433.2189951202748,491.2088065537033,151.04794905250634,290.6699963877637,432.5692910814099,378.0741645427065,265.98949821264364,356.1680385723188,423.27623217393455,493.02980172123887,282.898676118962,418.7934958090578,379.55923405509975,513.9016179184969,341.01796959160833,448.5082776852619,370.522780362734,levantado

83,144.2230564221334,271.166624700049,138.35004413174283,237.1338738393227,124.57968270268421,277.55039767254186,153.26213411412814,226.77187788254554,121.2549024945567,288.6330774284986,298.9720432860378,209.91738505678882,228.98769256948032,366.54879330289964,344.04189710208874,149.1390131197087,277.79786964149326,444.44559679142696,458.3505553308628,135.00185687996532,298.04140332886215,431.97880895592357,383.996620207909,264.4862213728493,378.1370728785889,534.8335967008242,417.6662265911176,293.2891545277161,413.6986077750239,606.5652105947412,481.304638153848,389.0850646616419,405.64339384680125,661.8628805574276,levantado

84,130.0920439248883,253.535195910977,133.81093778498905,230.30978460348996,116.31576187786888,255.74606447924896,150.84599136471283,220.35304928197007,111.09580767293848,281.8974497457422,300.4223712668808,272.14987524010326,220.09599979563907,354.9009631858262,348.31358126629186,308.3168786787337,277.56745328791874,411.93533645808,381.6277743536211,366.5868847620626,319.7885851730168,389.4507505364919,369.9953239483592,317.804178853907,310.7854418402052,488.5458483269242,467.8280289794684,325.4016029862578,361.61711856827196,547.0406365004958,470.93109714938504,361.49908361175176,354.0427208095209,663.0252809747184,levantado

85,131.73098048347444,260.9589459608501,133.37780438137426,234.49317202586604,121.6795915833707,258.64671414742674,153.92785985182232,215.73090166618852,118.26079029424645,275.56927991933856,317.912494076829,217.86793164798718,246.83158547961756,354.1572482929155,330.3507237415833,165.2099901191919,339.234426119912,398.95896020473674,336.42826403903587,146.00368875288314,400.171720155946,366.0939189747613,437.0185892721094,334.6439267763368,359.78047065883294,432.28624526443184,461.4518105770363,342.21615602812415,420.20929366976367,497.86386256830235,472.42411930737325,383.1556121885544,421.2740020714845,628.0349765584626,levantado

86,142.92913785704377,279.5323445954675,135.35135733756573,253.88155599512476,129.5938749795758,283.4300401739573,154.30931096503707,240.68884088464284,116.05825905113367,290.07092361227546,239.05052621448084,223.12299851591945,175.0919910237947,344.6743159108588,316.3195576556462,174.73795815850042,231.91342186835024,399.36380232169006,447.7130205325115,176.5767183266725,272.7712712863076,387.4343702561197,335.51792536635344,319.8107097937439,275.0508083239603,445.46467116092424,423.8066105193201,337.95399669543315,329.0509836812891,497.3022676460473,440.08645588321906,371.5944751487168,369.25376763046944,628.8482646125764,levantado

87,143.90562602239822,223.8156510290005,143.34998475902273,221.85541513643375,136.5947673515587,235.36242313607653,146.3881790517369,211.1570173924071,141.35162436637432,237.6050003660328,257.0862664990852,174.81471929290416,222.0098061171951,303.2397757058941,323.8543803589817,156.54870661872832,287.4227474821217,342.34263430495207,462.7042517754818,123.7825113289087,316.54305631270205,263.16566710713306,394.68936638145595,277.2092061321095,361.941055668931,426.3060592473249,476.4511594623907,229.61858825089865,407.7601005168276,435.72984218968486,529.0706311348347,276.9106468170997,419.0188262212137,564.5308161486911,levantado

88,142.34462355083065,247.39601620625893,140.26823466853872,225.8606699190251,117.99011830133222,253.0988512447372,165.1523142566013,220.40613187797334,105.78820982517435,286.3865651824595,301.9573264808506,205.22741230174262,216.15417295671156,366.5038324793952,345.30481227177125,144.83439659979553,235.0028295850939,462.1974203948381,478.58248968903655,129.40212770009316,209.96179501277462,502.8974383591677,464.0865516514166,286.5559789531425,327.72292834033294,537.6363115125129,534.1106686870411,236.88917122184068,361.610869114501,606.8860076280882,518.9340653029861,290.8224323268994,358.87379166124396,659.3923174973128,levantado

89,149.00174640403182,208.54252725445343,119.44172858449735,213.7953410464038,126.49959451400815,223.96496136735846,132.35610522555933,209.8189844806834,138.57538162409563,231.03946261276064,259.15856342093025,184.16073394285564,234.16981452912208,311.5547235095547,346.64619175654906,142.0204581026901,286.1063563721653,398.0877090864144,477.25511975047186,147.69224726458003,343.8109615340771,340.61404239342835,382.7583205226794,321.62503069569624,353.191336576113,435.41527690961664,483.70485596712456,326.6646408793527,409.326144088567,499.64994646510263,465.40393870906604,379.77429110159665,404.6371830149847,664.7479811790852,levantado

90,135.7023636042376,265.12257688054774,137.79004461384932,233.90585474838076,118.13076090534373,261.4857959969962,167.20866539506133,218.11855016329872,104.56914157719,286.99928699300443,307.0168147105651,210.0496620148536,207.18207982727526,350.51857267001253,327.4198746736875,159.41130730892434,221.68354435189687,392.91909038974154,433.39612612000695,161.01835466080598,200.20667655737017,399.1227800298757,373.19535153014186,267.32885118773936,324.6878650680126,426.0499984206856,476.11453858238247,271.3454987937838,364.848613642533,486.7416143454466,468.04070314637414,342.50673438788385,368.76780474788944,624.7891389720635,levantado

91,129.85850127105118,266.4966133800462,139.83657394587297,241.21512509505573,119.39585362890814,277.4153531441892,159.43581089806463,222.89406900368772,114.00918320830229,285.8541886593117,305.83240161702787,214.20478253791305,253.44179337497815,369.1278462688282,346.3398001704234,148.71343821959732,321.9228184770517,437.8921964623121,463.4454602787003,135.0312042959933,384.69962554219165,391.2856500306482,440.17157715674966,332.47384800892394,379.42789267751493,531.5990716956469,482.49270344893756,346.79070859382125,420.8463225828534,607.3103116328614,509.46798919796476,426.512711313448,411.11627353119013,662.8439795534898,levantado

92,139.9057537628055,250.90771203838898,137.07284427152996,234.07677778103005,115.46616657420354,257.6138015331461,161.80229590004055,218.26960695021808,113.71014637334801,283.08942999635684,304.8624052055151,215.34419075338752,228.75614810453777,354.62918589551157,354.18878055082683,221.13501454512897,269.7443561405523,430.72826053010806,353.1109889286501,227.33651728945483,328.3001130694081,394.5657069952107,420.91380197250425,275.4179635252006,357.5242864705245,428.13537128611756,528.3914082310079,244.79133450103637,366.319363271216,500.06190260653364,585.6156147092232,320.66817670295205,355.289172161414,665.2914185431216,levantado

93,98.97073885253431,273.7488370071589,97.52366540218605,245.8329215365161,80.64658910847822,271.65208862542175,129.3613975020234,231.999664751936,85.33326721191406,291.6707097797542,253.0544460311474,205.06809213838687,191.854934543951,355.97463570680134,295.7335753978922,145.19753832390336,271.1524495670304,408.2236604653443,443.51658784740164,129.73519668133804,339.18530214064776,387.6171211509853,336.7880560433354,329.33821604687876,320.4233798906497,477.61640330511307,434.18823415852705,345.7461205873972,367.31524173573297,553.0885638745378,460.4945852673007,385.3526783063718,352.9371748156121,663.3447219536926,levantado

94,113.56138199683757,257.6880130099879,112.25180360964764,245.3584492234404,99.35065002292974,257.08985595109397,137.98936946290013,229.7127084546516,104.1123913902253,275.7312905575051,230.9456360516381,267.9893973680785,223.61193273225183,359.38419419225545,279.516595298678,269.32744758695014,255.80991862256238,452.0787633309568,239.04221248997789,236.39564865572441,261.6107518459572,443.39408607334474,339.71315284461826,311.58225603511823,313.7316641789002,499.1703551696896,497.4186930378123,246.32771598133127,369.12539633517133,605.3424987496105,508.06787869345817,339.81403993539766,359.0270629764067,661.224098705596,levantado

95,107.37365652893304,244.63407231490436,112.03302041287552,238.20242118278827,95.39497274554657,250.35955847654822,138.94465479869322,231.3939185086855,105.07441092743484,273.1212499299402,263.6975440450216,206.95370904944747,217.7702444128489,306.05917854160646,336.5093417334649,142.2528561246998,287.8253023021416,340.70023592344046,458.29764423296143,128.88184100644594,319.50551496869394,328.35107611867704,379.0550982850071,332.2861244557896,338.0873775853257,436.3845889020986,442.059692590617,328.73322266456216,369.7945725133911,551.9312404009154,469.9600084208329,378.55480271276326,358.0089345998801,660.8524521408377,levantado

96,118.42955701360442,255.20991735792342,116.68295504796365,235.5220174603889,92.50482536939332,256.8592995669591,133.00377016772555,226.8575466913008,102.24597144961821,285.55807830573053,268.4215700394449,210.79709479780973,223.11530333641437,364.0092383952456,319.574164950894,220.51407970621426,270.46029070100894,432.77492202580663,291.89322312054463,238.26227539708174,324.48836478741714,374.5383124444271,374.35703994513483,263.73170209951434,361.2065363783781,485.38818593897236,494.6418587057507,228.69384295096194,368.0484134288149,555.1122426578506,510.05503506790336,274.82150571355555,354.4641593012828,665.2296084244427,levantado

97,137.1279533772153,254.54426556895214,140.1009579372777,226.78811277396943,120.65934622797984,250.49648791064544,160.90661402156843,215.60315131398954,104.62498623666131,277.63812603189785,253.29269308246063,201.90389236865803,209.17361884358328,348.2978315538933,336.3486684658184,161.96289383112685,292.084339661357,399.28486402674866,464.9647745510947,172.65854603214484,442.57469195057905,372.9689317398961,362.50889296476015,260.9138907347208,331.0673246272343,478.35511485890186,468.04135845792894,274.8493025664689,366.4757215522142,557.7911747809977,459.75698923786325,379.8365181652024,355.1526455118498,659.682511363048,levantado

98,138.70292271714266,250.58948000303036,132.98927621804322,239.64623221117233,134.4805796582411,253.8096353553148,151.96293136210755,221.95261679920242,130.88220018913773,267.91677028195863,270.8174775862044,209.72534494362912,266.18557424582394,358.459539361501,321.6788089321745,219.86682069533526,314.0085543547159,453.68097274498245,295.6743865254324,232.89916088979993,305.4423929058624,444.82618412062345,388.28299342055266,324.2956274604055,391.2181881559498,483.77134116799914,434.9074452767576,335.32014143235017,417.3685928151765,552.4241330261824,473.39289281154885,393.7169483348089,410.85722643484866,661.4792910280858,levantado
